<?xml version="1.0" encoding="UTF-8"?>
<modification>
        <id>Adding menu sms gönder</id>
        <version>1.0.0</version>
        <vqmver>1.0.9</vqmver>
        <author>ahk</author>

        <file name="catalog\controller\account\register.php">
                <operation>

                        <search position="after"><![CDATA[
                        $this->customer->login($this->request->post['email'], $this->request->post['password']);
                        ]]></search>

                        <add><![CDATA[
                        $this->load->model('setting/setting');

                        $message_info = $this->model_setting_setting->getSetting('iletimerkezisms');

                        $message = str_replace(array('%firstname%','%lastname%','%telephone%','%email%','%password%'),array($this->request->post['firstname'],$this->request->post['lastname'],$this->request->post['telephone'],$this->request->post['email'], $this->request->post['password']),$message_info['iletimerkezisms_sms_password_text']);

                        

                        $sms = new Sms();
                        //Send sms user
                        $sms->send($message_info['iletimerkezisms_username'],$message_info['iletimerkezisms_password'],$message,$this->request->post['telephone'],$message_info['iletimerkezisms_originator']);

                        //Send sms admin
                        $message = str_replace(array('%firstname%','%lastname%','%telephone%','%email%','%password%'),array($this->request->post['firstname'],$this->request->post['lastname'],$this->request->post['telephone'],$this->request->post['email'], $this->request->post['password']),$message_info['iletimerkezisms_member_login_text']);

                        $admin_numbers = explode(',',$message_info['iletimerkezisms_member_login']);
                        foreach ($admin_numbers as $admin_number) {
                                $sms->send($message_info['iletimerkezisms_username'],$message_info['iletimerkezisms_password'],$message,$admin_number,$message_info['iletimerkezisms_originator']);
                        }

                        ]]></add>

                </operation>
        </file>

        <file name="catalog\controller\checkout\register.php">
                <operation>

                        <search position="after"><![CDATA[
                        $this->customer->login($this->request->post['email'], $this->request->post['password']);
                        ]]></search>

                        <add><![CDATA[
                        $this->load->model('setting/setting');

                        $message_info = $this->model_setting_setting->getSetting('iletimerkezisms');

                        $message = str_replace(array('%firstname%','%lastname%','%telephone%','%email%','%password%'),array($this->request->post['firstname'],$this->request->post['lastname'],$this->request->post['telephone'],$this->request->post['email'], $this->request->post['password']),$message_info['iletimerkezisms_sms_password_text']);

                        

                        $sms = new Sms();
                        //Send sms user
                        $sms->send($message_info['iletimerkezisms_username'],$message_info['iletimerkezisms_password'],$message,$this->request->post['telephone'],$message_info['iletimerkezisms_originator']);

                        //Send sms admin
                        $message = str_replace(array('%firstname%','%lastname%','%telephone%','%email%','%password%'),array($this->request->post['firstname'],$this->request->post['lastname'],$this->request->post['telephone'],$this->request->post['email'], $this->request->post['password']),$message_info['iletimerkezisms_member_login_text']);

                        $admin_numbers = explode(',',$message_info['iletimerkezisms_order_notify_gsm']);
                        foreach ($admin_numbers as $admin_number) {
                                $sms->send($message_info['iletimerkezisms_username'],$message_info['iletimerkezisms_password'],$message,$admin_number,$message_info['iletimerkezisms_originator']);
                        }

                        ]]></add>

                </operation>
        </file>

        <file name="catalog\controller\checkout\success.php">
                <operation>

                        <search position="after"><![CDATA[
                        $this->cart->clear();
                        ]]></search>

                        <add><![CDATA[
                                                //Send sms admin
                        $this->load->model('setting/setting');
                        $message_info = $this->model_setting_setting->getSetting('iletimerkezisms');

                        
                        $sms = new Sms();

                        $this->load->model('account/order');
                        $account_order    = $this->model_account_order->getOrderProducts($this->session->data['order_id']);
                        $product_name     = "";
                        $product_model    = "";
                        $product_quantity = "";
                        foreach ($account_order as $key => $value) {
                            if ($key==0)
                                $virgul = "";
                            else
                                $virgul = ",";
                            $product_name     .= $virgul.$value['name'];
                            $product_model    .= $virgul.$value['model'];
                            $product_quantity .= $virgul.$value['quantity'];

                        }

                        if(isset($message_info['iletimerkezisms_order_notify_text'])) {
                                $message          = str_replace(array('%orderid%','%productname%','%productmodel%','%productquantity%'),array($this->session->data['order_id'],$product_name,$product_model,$product_quantity),$message_info['iletimerkezisms_order_notify_text']);
                                $admin_numbers    = explode(',',$message_info['iletimerkezisms_order_notify_gsm']);
                                foreach ($admin_numbers as $admin_number) {
                                        $sms->send($message_info['iletimerkezisms_username'],$message_info['iletimerkezisms_password'],$message,$admin_number,$message_info['iletimerkezisms_originator']);
                                }
                        }

                        //Send sms catalog
                        if(isset($message_info['iletimerkezisms_order_customer_notify_text'])) {
                                $this->load->model('account/customer');
                                if ($this->customer->isLogged())  {

                                $customer_info = $this->model_account_customer->getCustomer($this->session->data['customer_id']);
                                $telephone = $customer_info['telephone'];
                                $order_id = $this->session->data['order_id'];

                                } else {

                                        $telephone = $this->session->data['guest']['telephone'];
                                        $order_id = $this->session->data['order_id'];

                                }


                                $message       = str_replace(array('%orderid%','%productname%','%productmodel%','%productquantity%'),array($order_id,$product_name,$product_model,$product_quantity),$message_info['iletimerkezisms_order_customer_notify_text']);
                                $sms->send($message_info['iletimerkezisms_username'],$message_info['iletimerkezisms_password'],$message,$telephone,$message_info['iletimerkezisms_originator']);
                        }

                        ]]></add>

                </operation>
        </file>

        <file name="catalog\controller\account\return.php">
                <operation>

                        <search position="before"><![CDATA[
                        $this->response->redirect($this->url->link('account/return/success', '', 'SSL'));
                        ]]></search>

                        <add><![CDATA[
                        $return_info    = $this->model_account_return->getReturn($return_id);

            $this->load->model('setting/setting');

            $message_info = $this->model_setting_setting->getSetting('iletimerkezisms');

            $message = str_replace(array('%firstname%','%lastname%','%telephone%','%email%','%product%','%reason%','%comment%'),array($return_info['firstname'],$return_info['lastname'],$return_info['telephone'],$return_info['email'], $return_info['product'], $return_info['reason'], $return_info['comment']),$message_info['iletimerkezisms_sms_return_text']);

            

            $sms = new Sms();
            //Send sms user
//            $sms->send($message_info['iletimerkezisms_username'],$message_info['iletimerkezisms_password'],$message,$this->request->post['telephone'],$message_info['iletimerkezisms_originator']);

            //Send sms admin

            $admin_numbers = explode(',',$message_info['iletimerkezisms_order_notify_gsm']);
            foreach ($admin_numbers as $admin_number) {
                    $sms->send($message_info['iletimerkezisms_username'],$message_info['iletimerkezisms_password'],$message,$admin_number,$message_info['iletimerkezisms_originator']);
            }

                        ]]></add>

                </operation>
        </file>

        <file name="catalog\controller\api\order.php">
                <operation>

                        <search position="after"><![CDATA[
                        $this->model_checkout_order->addOrderHistory($order_id, $this->request->post['order_status_id'], $this->request->post['comment'], $this->request->post['notify']);
                        ]]></search>

                        <add><![CDATA[
                            
                        $this->load->model('setting/setting');
                        $message_info = $this->model_setting_setting->getSetting('iletimerkezisms');
                        $comment_tags = html_entity_decode($this->request->post['comment']);
                        $comment      = strip_tags($comment_tags);
                        $message = $message_info['iletimerkezisms_shipping_text_'.$this->request->post['order_status_id']];
                        $message = str_replace(array('%firstname%','%lastname%','%orderid%','%comment%'),
                                                   array($order_info['firstname'],$order_info['lastname'],$this->request->get['order_id'],$comment),
                                                   $message);
                        
                        $sms = new Sms();
                        $sms->send($message_info['iletimerkezisms_username'],
                                                $message_info['iletimerkezisms_password'],
                                                $message,
                                                $order_info['telephone'],
                                                $message_info['iletimerkezisms_originator']);

                        ]]></add>

                </operation>
        </file>
        <file name="admin\controller\common\menu.php">
                <operation>

                        <search position="after"><![CDATA[
                        $data['text_setting'] = $this->language->get('text_setting');
                        ]]></search>

                        <add><![CDATA[
                         $data['text_sms'] = $this->language->get('text_sms');
                        ]]></add>

                </operation>

                <operation>

                        <search position="after"><![CDATA[
                        $data['setting'] = $this->url->link('setting/store', 'token=' . $this->session->data['token'], 'SSL');
                        ]]></search>

                        <add><![CDATA[
                         $data['sms'] = $this->url->link('sale/sms', 'token=' . $this->session->data['token'], 'SSL');
                        ]]></add>

                </operation>
        </file>
                <file name="admin\view\template\common\menu.tpl">
                <operation>

                        <search position="after"><![CDATA[
                        <li><a href="<?php echo $contact; ?>"><?php echo $text_contact; ?></a></li>
                        ]]></search>

                        <add><![CDATA[
                         <li><a href="<?php echo $sms; ?>"><?php echo $text_sms; ?></a></li>
                        ]]></add>

                </operation>
        </file>
                <file name="admin\language\english\common\menu.php">
                <operation>

                        <search position="before"><![CDATA[
                        $_['text_setting']
                        ]]></search>

                        <add><![CDATA[
                         $_['text_sms']                                            = 'SMS Gönder';
                        ]]></add>

                </operation>
        </file>
                <file name="admin\language\turkish\common\menu.php">
                <operation>

                        <search position="before"><![CDATA[
                        $_['text_setting']
                        ]]></search>

                        <add><![CDATA[
                         $_['text_sms']                                                 = 'SMS Gönder';
                        ]]></add>

                </operation>
        </file>
        <file name="admin\model\sale\order.php">
                <operation>

                        <search position="before"><![CDATA[
                        public function getEmailsByProductsOrdered
                        ]]></search>

                        <add><![CDATA[
                        public function getTelephonesByProductsOrdered($products, $start, $end) {
                        $implode = array();

                        foreach ($products as $product_id) {
                            $implode[] = "op.product_id = '" . $product_id . "'";
                        }

                        $query = $this->db->query("SELECT * FROM `" . DB_PREFIX . "order` o LEFT JOIN " . DB_PREFIX . "order_product op ON (o.order_id = op.order_id) WHERE (" . implode(" OR ", $implode) . ") AND o.order_status_id <> '0'");

                        return $query->rows;
                    }
                        ]]></add>

                </operation>
        </file>

</modification>